first_name,last_name,company_name,address,city,province,postal
Francoise,Rautenstrauch,"Riebesell, H F Jr",2335 Canton Hwy #6,Windsor,ON,N8N 3N2
Kendra,Loud,Deloitte & Touche,6 Arch St #9757,Alcida,NB,E8J 2C4
Lourdes,Bauswell,Oklahoma Neon Inc,9547 Belmont Rd #21,Belleville,ON,K8P 1B3
Hannah,Edmison,M B A Paint Stores,73 Pittsford Victor Rd,Vancouver,BC,V5Z 3K2
Tom,Loeza,Sheraton Shreveport Hotel,447 Commercial St Se,LIle-Perrot,QC,J7V 4T4
Queenie,Kramarczyk,Goeman Wood Products Inc,47 Garfield Ave,Swift Current,SK,S9H 4V2
Hui,Portaro,A Storage Inn Of Gloucester,3 Mill Rd,Baker Brook,NB,E7A 1T3
Josefa,Opitz,Norman Gale Isuzu,136 W Grand Ave #3,Delhi,ON,N4B 1C4
Lea,Steinhaus,"James, Christopher Esq",80 Maplewood Dr #34,Bradford,ON,L3Z 2S4
Paola,Vielma,Congress Title,58 Hancock St,Aurora,ON,L4G 2J7
Hortencia,Bresser,Batavia Chamber Of Commerce,808 Calle De Industrias,New Waterford,NS,B1H 1Z4
Leanna,Tijerina,Stephenson Land Surveying,2859 Dorsett Rd,North York,ON,M9L 2T9
Danilo,Pride,Harry L Adams Incorporated,6857 Wall St,Red Deer,AB,T4R 2H5
Huey,Marcille,Southern Idaho Pipe & Stl Corp,169 Journal Sq,Edmonton,AB,T5P 1G9
Apolonia,Warne,Kitchen People,3 E 31st St #77,Fredericton,NB,E3G 0A3
Chandra,Lagos,Meredith Realty Group Inc,7 N Dean St,Etobicoke,ON,M8Z 3P6
Crissy,Pacholec,Cgi Systems Inc,85 S State St,Barrie,ON,L4N 6T7
Gianna,Branin,All Brevard Cert Apprsls Inc,100 Main St,Calgary,AB,T2K 4X5
Valentin,Billa,General Color Co Inc,6185 Bohn St #72,Pangman,SK,S0C 2C0
Ilona,Dudash,Adams Balcom & Larose Pc,2 Sutton Pl S #5727,Rouyn-Noranda,QC,J9X 3V4
Willard,Lablanc,Mershon Metal Specialties Inc,1534 Sidco Dr,Leduc,AB,T9E 5A6
Lauryn,Randol,"Judy, Henry L Esq",4207 Leon Rd,North Vancouver,BC,V7L 3X6
Laurena,Begin,"Barry, Anthony S Esq",7564 N Academy Ave,London,ON,N6A 1S5
Elise,Michelle,"Thurman, William T Esq",88 E Saint Elmo Rd,Hamilton,ON,L8R 3J3
Corrie,Kardell,"Lynch, Steven J Esq",75 Westchester Ave,Pierrefonds,QC,H9J 1W6
Kimberely,Rabuse,"Carey, Paul D Esq",89 W 35th St #1,Windsor,ON,N8S 3R1
Tish,Violett,Electro Arc Manufacturing Co,1 Norris Ave #4095,Laval,QC,H7W 5K7
Hollis,Stanfield,Feehan Plumbing & Heating,5174 Interstate 45 N,Yellowhead County,AB,T7E 3A7
Andree,Christmann,Easton Cooperative Bank,765 Rock Island Rd,Strathroy,ON,N7G 3K6
Lyla,Fucillo,Hambro Forest Products Inc,7979 33  191,North River,NS,B6L 6N1
Felton,Yafuso,"Penkava, Robert Md",202 Madison Ave,Ottawa,ON,K1Y 1M2
Dell,Polino,Saint John Neumann Nurse Home,56 Corporate Dr,Becancour,QC,G9H 1H7
Nohemi,Leko,"Bohne, Karl W Jr",37 Us Highway 12e E #6,Sault Ste. Marie,ON,P6C 2C8
Tambra,Lembke,"Moore, Albert F Esq",6734 W Jackson Blvd,Salmon Arm,BC,V1E 4G9
Vicki,Maikoksoong,George Bigham & Associates,7 Tomahawk Dr,Richmond,BC,V7A 3N1
Renato,Airhart,Super 8 Motel,1 Vernon Blvd,Calgary,AB,T2A 2H9
Lenita,Darbro,"Ball, David S",2726 Franklin Hill Rd,Vernon,BC,V1T 7V8
Barney,Hagen,Fox Vision Center,6335 Fort Myer Dr,Saint-Hyacinthe,QC,J2S 2N3
Matthew,Armacost,Livingston & Schneider Pc,220 Old Us Highway 441,Peterborough,ON,K9H 6C3
Belen,Nelton,A Peter Howell Pc,77 Central Pky N,Quesnel,BC,V2J 1N4
Iesha,Wardle,Honker Cut Marine,781 Alabama Ave,Etobicoke,ON,M8Z 2C1
Francesco,Sarchet,Gabriel & Associates,22 Dearborn St,Regina,SK,S4T 4B1
Paulene,Rhule,Beck Corporation,21 E 64th Ave,Matane,QC,G4W 3G6
Carole,Hughlett,"Kolodny, Howard Esq",9 N Central Ave,Abbotsford,BC,V2S 5R3
Miss,Dunning,Mcgladrey & Pullen,38 Douglas Rd E #39,Regina,SK,S4R 1J5
Elfrieda,Hinsch,Y 105 Kgfy,4929 Sidney St #8276,Vernon,BC,V1T 4A3
Edelmira,Calzado,Chagrin Wine & Beverage Co,4936 Walcott Rd,Regina,SK,S4R 3M1
Jaime,Wasurick,"Lewis, George L Esq",6760 E Fayette St #9,Saint-Damien,QC,J0K 2N1
Lera,Hua,York Services Landscpg Divsn,6638 S Webster St #491,Miramichi,NB,E1V 2N4
Jame,Mastro,Janney Montgomery Scott Inc,4465 James St,Kitchener,ON,N2N 1Y6
Jillian,Hailstone,Global Securities Info Inc,8721 Everett Rd,Mississauga,ON,L4Z 2V7
Louis,Zarling,Dealers Mfg Co,6 E Kingsbridge Rd,Stoneham-Et-Tewkesbury,QC,G3C 2A8
Emmett,Mcshaw,"Yaffa, Michael Esq",920 Union Blvd,Sault Ste. Marie,ON,P6B 5Y2
Tammy,Sams,Photos Inc,5 Secaucus Rd,Nanaimo,BC,V9R 5W6
Willis,Wylie,Acquired Knowledge Inc,646 9th St,Saint-Raymond,QC,G3L 3X9
Maxima,Brzozowski,B Js Body Shop,864 Aupuni St,St Catharines,ON,L2T 2V2
Boris,Latif,Emlou Boutique,9390 Fortin Dr,Quebec,QC,G1M 2H8
Salina,Knavel,Schiller & Osbourn,4 Newark St,Arnprior,ON,K7S 2G8
Justa,Dini,Superior Coffee & Foods,8 J St,Vernon,BC,V1T 6J8
Amalia,Wolfgang,"Knutson, Becky S Esq",394 Dice Rd #861,Windsor,ON,N8N 3V8
Felix,Tutterrow,Corinth Dry Cleaners,92 W 39th St #9990,London,ON,N6G 3E5
Eura,Mcglocklin,Graphic Color Litho Inc,9 N Monroe St,Lloydminster,SK,S9V 0C6
Lang,Heuring,Hill Realty Property Mgmt,2 Global Rd,Cambridge,ON,N1R 2X2
Agustin,Lakatos,"Thrasher, John E Esq",23 E Wacker Dr #64,Becancour,QC,G9H 4T4
Jaime,Lowrance,Sams Liquor & Deli,1 Nw 167th St,Winnipeg,MB,R3J 2Z1
Carman,Gudiel,"Weiss, Martin Esq",1 Frontage Rd,St. Johns,NL,A1B 5B3
Argelia,Hofbauer,Medical Productions,5 Columbia,North Vancouver,BC,V7J 2J9
Mammie,Cisney,"Arellano, Cecilia S Md",14 E 30th St,Montreal,QC,H1E 1R4
Rashad,Menino,World Sign Associates,8 Commercial Ave,Carleton Place,ON,K7C 2T3
Janna,Bastain,"Hastings, Robert R Jr",41 Drive  Hwy 54s S,Vancouver,BC,V6N 3C5
Callie,Neikirk,"Shields, Sheridn Cpa",6601 Park Ave #9924,Mississauga,ON,L4T 0A1
Coral,Helmcamp,Hepco Inc,4184 E 142nd St,Toronto,ON,M5V 0B4
Xenia,Mushero,Institute For Law & Jstc Inc,1 El Camino Ave #39,Kingston,ON,K7K 1P6
Adelle,Nitcher,John J Mccarthy Agency Inc,10 Midway Dr,Thorold,ON,L2V 5C7
Hildegarde,Wehrwein,Ocean State Rental Corp,2 Cottman Ave,West Vancouver,BC,V7T 1R7
Phuong,Sugai,"Scholtes, William E Esq",8926 E 119th St #9,Lavaltrie,QC,J5T 2C7
Leontine,Lafoy,"Caffrey, John F Esq",191 Richland St #5,Quebec,QC,G1J 4B2
Darell,Mcalarney,Janney Montgomery Scott Inc,8 E 92nd St,Ajax,ON,L1S 6V3
Madonna,Landman,"Brown, Glenn Esq",283 Andover St,Castlegar,BC,V1N 3P7
Chuck,Berggren,Weyerhaeuser Paper Co,764 Louisville Plac,St. Johns,NL,A1E 2L8
Gregg,Epperheimer,Best Western Sterling House,59 W Jackson Blvd #11,Lasalle,QC,H8R 3T2
Yan,Bubrig,Database Programming & Design,712 N 5th St,Grand Manan,NB,E5G 1L1
Stephanie,Garlett,Brown Shoe Co,6 L St #1761,Kanata,ON,K2T 1G5
Alberto,Stenquist,Dowell Associates Inc,6126 E 14th St #6,St Catharines,ON,L2N 6C7
Wayne,Shivers,Ram Page,865 Ponce De Leon Blvd,Chicoutimi,QC,G7H 6A2
Kristal,Bothe,L A Kennedy Inc,896 Pershing Ave,Paradise,NL,A1L 2Y8
Florencia,Stadel,"Cornwell, Michael C Esq",178 Riverdale Rd,Ingersoll,ON,N5C 2W2
Darrin,Tumolillo,Metro Press,4 Pedretti Ave #2,Saskatoon,SK,S7H 1X9
Freeman,Rudig,Ramsey Secretarial Service,4 W Sedgley Ave,Otterburn Park,QC,J3H 4V8
Lazaro,Mollison,United Drilling Inc,31 E Middlefield Rd #8555,Beloeil,QC,J3G 3J4
Ellsworth,Rieg,Peyote Bird Designs,7662 Us Highway 46 #9003,Napanee,ON,K7R 1K5
Brinda,Mrkvicka,Gittleman Muhlstock,1 Park Ave,Newbridge,NB,E7N 1J4
Florinda,Mackedanz,"Hoyt, Robert F Esq",2782 Midland Ave,Dieppe,NB,E1A 8X6
Nadine,Swartzbeck,Contact Enterprises,3 Federal Blvd,Beloeil,QC,J3G 4M4
Arlette,Torchio,A All In One Construction,485 Rolling Rd,Lasalle,QC,H8R 3C2
Adolph,Krivanec,Sas Rubber Inc,6605 Federal St,Etobicoke,ON,M8Y 3L6
Georgiana,Colbath,Stewart Filmscreen Corp,505 E 9mile Rd,Sainte-Therese,QC,J7E 3C9
Rana,Lehn,"Freeman, Steven R Esq",32 Rocklyn Ave,Milton,ON,L9T 5W8
Chi,Morgan,"Holmes, Armstead J Esq",2953 5th Ave #27,Saint-Raymond,QC,G3L 3K2
Starr,Prothro,Gs Roofing Company,133 Us Highway 206,Chicoutimi,QC,G7H 4M5
Glennis,Roseum,York Services Landscpg Divsn,1 Pershing Ave,Brandon,MB,R7A 4C6
Thea,Petermeier,Anderson Heather Zane,402 Santa Isabel Ave,Sept-Iles,QC,G4S 1Z5
Rosalind,Persechino,Grand Prairie Chamber Commrce,86 Shady Run Rd,Kanata,ON,K2M 1E6
Shenika,Tapian,Helco Sales Co,4 Collier Rd Nw,Ottawa,ON,K1S 1N5
Veta,Vandeberg,"Rickard, Deborah S",940 E Jefferson Ave,Juniper,NB,E7L 1G1
Herschel,Geneseo,Molded Dimensions Inc,7753 W 8th,Toronto,ON,M4V 1Y3
Dianne,Tomasic,"Samios, Gus Esq",53 6  17 M At Bradleys,Dartmouth,NS,B2Y 3L2
Micah,Gerten,Fairfield Inn,103 Madison Ave,St. Johns,NL,A1E 2J5
Kaycee,Alaibilla,A & H Sptc Systems & Matl Inc,8788 E 64th Ave,Vancouver,BC,V6R 1N3
Tesha,Brang,Butler Tool & Design Inc,831 Vanowen St #5,Montreal,QC,H4K 2N2
Marya,Chhour,Auchter Industrial Vac Inc,661 Pitkin Ave,Calgary,AB,T3Z 3S8
Ronnie,Kettelle,Pure Wtr Inc Wrldwd Corprt,3 Avenue Rt 295 #199,Halifax,NS,B3H 1M2
Mabel,Fower,"Swartz, John L Esq",709 W Waters Ave,Chicoutimi,QC,G7H 3T5
Harley,Works,Alliance Construction Co Inc,27 Spring St,Woodstock,ON,N4S 2K1
Joye,Nedman,Valley Credit Union,9 Court St,Regina,SK,S4N 3J4
Luisa,Harnish,Level Export Sales Corp,82 Westminster Blvd,Vancouver,BC,V5X 2B5
Stacey,Lortz,Electrical Workers Unon Ibew,5039 Coffee Rd,Scarborough,ON,M1K 1H4
Reyes,Mesmer,"Richardson, David J Esq",9 E Thayer Ave #3,Hamilton,ON,L8S 2N1
Avery,Demus,Carriage House Cllsn Rpr Inc,1 Highland Ave,Maple Ridge,BC,V4R 1Z3
Colby,Scotts,Mass Human Services Coalition,7 E 1st St,Barrie,ON,L4N 3M9
Afton,Wrinkle,Super 8 Motel,652 5th Ave,Ottawa,ON,K1N 6S5
India,Sifford,Fashion Shop & Save,162 Sunrise Plz,Toronto,ON,M5N 1J1
Brunilda,Coin,Young Contractors Inc,300 Congers Rd #77,Saint-Paul,NB,E4T 3B9
Jenifer,Emanuel,"Bambrickv, Timothy F Esq",78 152nd Ave #4179,Duncan,BC,V9L 4G2
Makeda,Nosis,Lloyds Screenprinting,956 Sierra Ave,Toronto,ON,M5K 1A1
Vivan,Oppy,Record Journal,4696 Alewa Dr,Swift Current,SK,S9H 3S9
Eric,Gazzola,Moriah Fund Inc,732 Congress St,Saint-Georges,QC,G5Z 0N4
Thersa,Davirro,"Herstein, Elliot J",863 E Mcdowell Rd,Kamloops,BC,V2C 6S8
Mindy,Presnal,"Gavin, William H Esq",82 Us Highway 111,Vancouver,BC,V5X 3K2
Luis,Metzner,Hyman And Lippitt,8868 S Arroyo Pkwy #996,Trois-Rivieres,QC,G8V 2J6
Dawne,Mcloud,Bridger Scientific Inc,25 Keystone Xing,Stoney Creek,ON,L8E 2E4
Karrie,Kinikini,Lohmeyer Corrigan Taylor Pc,491 Main St #893,Kamloops,BC,V2B 7X9
Mozelle,Hermon,Comfort Inn Of Lincoln,523 Spencerville Ct,Mount Pisgah,NB,E4G 1E8
Mila,Hair,Bobby Reed Attorney At Law,515 S Main St,Saint-Leonard,QC,H1P 1M8
Gilma,Jefferys,Celestin Design Centre,147 E Centre St,Halifax,NS,B3H 4E1
Armanda,Mcduffie,"Voils, Otis V",989 Wyatt Dr #7,Cowansville,QC,J2K 2M6
Vonda,Normandeau,Crisell Cohee & Co,9891 Main St,Mirabel,QC,J7J 1G7
Truman,Mondale,"Metz, Roger E Esq",1657 N Green St,Peterborough,ON,K9J 0A1
Elvis,Tenuta,Beloit Boxboard Co,6437 Date Palm Dr,Calgary,AB,T2B 0X5
Loise,Dedaj,Magnotta Construction Co Inc,1062 Rd,Saskatoon,SK,S7K 5J3
Jannette,Pedder,"Reif, W Michael Esq",73 Madison Ave,Vancouver,BC,V6L 2V9
Margo,Rand,Muscle Bound Bindery,344 Lyndon St,Concord,ON,L4K 1J7
Dahlia,Benett,Doco School Empl Fed Crdt Un,3986 Home Life,Alma,QC,G8B 1K7
Dominga,Mckeon,Scott & Murphy Inc,68 Dd N #1,Trois-Rivieres,QC,G8T 7G3
Hollis,Keomuangtai,Amsterdam News,27 7th St,Keswick,ON,L4P 1V3
Carry,Ziller,Hatboro Delivery Service,8 Maynesboro St,Strathroy,ON,N7G 3H9
Bong,Fears,Cabot Safety Corp Aorx Center,7 State St #1,Pierrefonds,QC,H9H 3C8
Yolande,Staiano,Williams Jamal Ltd,21 N 14th St,Orleans,ON,K1C 3C7
Lottie,Hegdahl,Management Protection Services,45 W 21st St,Unionville,ON,L3R 2H1
Jose,Kylish,Nicks Printing,93 Law Dr,Pierrefonds,QC,H9J 1W6
Tuyet,Abramovitz,"Gibbard, H Frank Iii",976 Cozycroft Ave,Richmond Hill,ON,L4E 4P3
Pearline,Provenzano,Information Marketing Svc Inc,611 S 2nd St,Concord,ON,L4K 1V4
Robt,Hankison,Joseph Notarianni & Co,3780 Ronson Rd,Quebec,QC,G1L 4H3
Shawnee,Kesten,N Amercn Min & Quar Equip Inc,5 W Irving Park Rd,Big Ridge,NS,B1K 1X8
Lacresha,Quinones,John Drew Theater Of Gld Hall,48 Bernardo Cent,Vaudreuil-Dorion,QC,J7V 5V8
Basilia,Vinroe,Ariz Association Of Life Und,45 S Wells Ave,Quebec,QC,G1H 1A6
Aleisha,Areizaga,Hi Port Distribtg Inc,960 Deming Way,Quebec,QC,G1C 5G2
Frank,Tryninewski,Interlink Marketing Inc,462 2nd St,Prince Albert,SK,S6V 6E5
Ria,Steinhorst,D H Auto Equip Inc,269 Commercial Dr,Jonquiere,QC,G7S 2S3
Carla,Kallenberger,Mcginness & Shaw,8 Commercial Blvd #9,Hanover,ON,N4N 1Z7
Lashanda,Skahan,Monogram Co,739 Stockton Ave,Gray Rapids,NB,E9B 1G6
Jarod,Catalina,Industrial Precision Corp,60 Sunrise Ave,North Bay,ON,P1B 2L4
Leoma,Rabago,"Curtis, Martin L Dds",575 Washington St,Nanaimo,BC,V9R 6W5
Yasuko,Greeves,Plant,4634 Anania Dr,Vernon,BC,V1B 3Z4
Jimmie,Snelling,Tri Lakes Chamber Of Commerce,24 Sw Bridgeport Rd,Oakville,ON,L6J 7H9
Titus,Dugre,American Lung Assoc,419 N Dixboro Rd #8,Gatineau,QC,J9J 0V4
Joanne,Teoh,"Rever, Irwin S Esq",1 W Sierra Madre Blvd #9985,St Catharines,ON,L2M 1R4
Suzi,Groom,"Comisky, James L",9 W Jackson Blvd,Surrey,BC,V3S 7P4
Denny,Amazan,Pony Express National Memorial,4974 Rockburn Hill Rd #3,Surrey,BC,V4A 8M9
Willie,Coughlan,Brooktronics Engineering Corp,8545 S Westshore Blvd,Cantley,QC,J8V 3K1
Margurite,Brake,"Moyer, David W Esq",258 S Ash Ave,Amherstburg,ON,N9V 1S8
Arlen,Romack,"Whitehurst, William O Jr",1 W Green Bay St,Saint John,NB,E2K 3R6
Shaniqua,Corna,"Durley, Colly J Esq",8 Sylvan Ave,North York,ON,M3H 5X6
William,Boccard,Dubosar & Davidson Pa,9 Clove Rd,Pointe-aux-Trembles,QC,H1B 4R4
Silva,Riviere,Nimco Corp,10 Canal St,Pierrefonds,QC,H8Y 2A9
Gearldine,Haberle,Robert Glen Distributing Co,62 N 3rd St,Calgary,AB,T2J 0S5
Azalee,Aja,Interior Alternative,2607 Market St,Chateauguay,QC,J6J 3J8
Kimbery,Plikerd,"Bain, James W Esq",62 15th Ave #63,Duncan,BC,V9L 2E9
Ricarda,Kratt,"Hersh, Peter S Md",1 Clairemont Mesa Blvd,New Glasgow,NS,B2H 3Y5
Macy,Massay,C H Fenstermaker & Assocs Inc,6 N Water St,Dauphin,MB,R7N 2C7
Carol,Normington,Westwood Specialties,1 S Kresson St,Alma,QC,G8E 1G2
Blythe,Czaplinski,Ebw Inc Enterprise Brass Works,4 S 4th St,Calgary,AB,T2V 2M5
Tanesha,Tesseneer,Alex Fries & Bros Inc,326 Witherspoon St,Etobicoke,ON,M9R 2W5
Yaeko,Orndoff,Holcombe Armature Co,66 Hoffman St,St Thomas,ON,N5P 2E5
Broderick,Lorenz,"Frascella, Thomas P Esq",185 Davis St,Saskatoon,SK,S7N 3M6
Twila,Shadle,"Marks, Seymour Esq",20 Simpson Ferry Rd,Victoria,BC,V8Y 1H4
Sarina,Pead,Burgess Manning Inc,7821 16th St Nw,Ajax,ON,L1S 1S7
Candra,Peets,Gator Supply & Equipment Inc,9 Pulaski Park Dr #7,North Bay,ON,P1B 2V6
Von,Aprigliano,"Heller, Tom A Esq",63 Baronne St,Port Moody,BC,V3H 1E8
Natalya,Verso,Rose Cooper & English,74 Chestnut St,Kitchener,ON,N2A 1S3
Stanton,Rigazio,Maxons Restorations Inc,4 Smith St #5,North York,ON,M3M 2A4
Dona,Larner,Birmingham Historical Society,4298 E Drinker St,York,ON,M6M 1V5
Cortney,Choice,"Schulman, Richard J Esq",80 S 33rd Pl,Greenfield Park,QC,J4V 3G8
Ira,Betterton,Andersen Consulting,935 S Padre Island Dr,Halifax,NS,B3K 3E4
Vanna,Pickle,Phipps & Bird,3 B Main #117,Newmarket,ON,L3Y 3M4
Bo,Sabota,Land Engineering & Surv Co Inc,779 Moore St,Winnipeg,MB,R3R 2Z5
Nathalie,Corners,Boldt Carlisle & Smith Cpa,14 Van Buren St,Peterborough,ON,K9H 4B6
Rodney,Lockamy,"Schultz, Barry J Esq",7 N Us Highway 67 #96,Ottawa,ON,K1S 2E4
Elena,Hairr,"Reed, Crystal Md",31 Mechanic St #9839,Stephenville,NL,A2N 2N4
Blossom,Kraatz,Vic Firth Inc,881 Route 38,North York,ON,M4A 2A6
Loreen,Griepentrog,A J Cohen Distributor Inc,6 Monard Dr,Orleans,ON,K1C 2E5
Tayna,Keirnan,"Hartz, J Ernest Esq",18 Cowesett Ave,Barrie,ON,L4N 5C5
Nieves,Planty,"Swanson, Dennis V Esq",684 Albion Rd,Peterborough,ON,K9H 3K7
Glenn,Robinault,"Leikin, James",8700 S Jefferson Rd #676,Lachine,QC,H8S 3A8
Julianna,Racer,Cycle Motion Inc,4407 Chestnut Ridge Dr,Saint John,NB,E2K 5L7
Ashton,Nitchals,"Tirone, Anthony R Esq",13 Midway Pl,Oakville,ON,L6H 5G1
Shaun,Scovil,Stowe Away Lodge,253 Hamilton Ave #1684,Pickering,ON,L1W 2P9
Long,Shintaku,Georgetown Agency,8 W 41st Ave,Blainville,QC,J7C 2R9
Vinnie,Meir,Halbar Enterprises Whol Clthng,559 Bridge Plz,Etobicoke,ON,M8Y 1G5
Lucia,Flipp,Days Inn,196 Touhy Ave,Scarborough,ON,M1E 3L6
Corazon,Ivaska,Ansonia Records Inc,6 W Lincoln Ave,Saskatoon,SK,S7K 3K7
Jaime,Perugini,Bei Motion Systems Co Inc,7071 E 7th St #56,Verdun,QC,H4G 1X4
Miriam,Stakes,Sign Magic,784 Packerland Dr,Burlington,ON,L7L 5E8
Vallie,Nigl,Can Lines Inc,7823 N 36th Ave,North Vancouver,BC,V7H 2J2
Sheldon,Isachsen,"Young, Charles R Esq",35 Milnor St,Valley,NS,B6L 3K5
Nickie,Balonek,Mcinerney Communications,7 Saint Nicholas Ave,North Vancouver,BC,V7J 3P8
Fletcher,Caneles,Hy Cite Corp,87 Spencerville Ct #2,Hamilton,ON,L8S 3V2
Rutha,Eisert,Quality Litho Printing,87 W 32nd St,Niagara Falls,ON,L2G 3H6
Brandon,Geigel,Royal Title Service Inc,70 W Main St,Vancouver,BC,V5Z 3S8
Franchesca,Lamme,Euorpean Pretzel Bakery,3208 W Touhy Ave,Charlottetown,PE,C1E 1W8
Lorriane,Naddeo,American Space Planners Inc,7 Airway Cir,Duncan,BC,V9L 2T9
Asuncion,Berson,"Link, Andrew P",54 Whitaker Way,Reinfeld,MB,R6W 1K7
Georgiann,Hoerter,"Orava, Stephen J Esq",4945 Progress Dr,Grand-Mere,QC,G9T 3C3
Hershel,Bultron,Kings Trophies & Engraving Co,658 W 30th St,London,ON,N5Z 1R6
Chu,Collopy,Chiropractic Care Center,8 E 9mile Rd #697,Trois-Rivieres,QC,G8V 2J6
Bettina,Vosmus,Willamette Valley Walnuts Inc,7 Ryan Industrial Ct,Vancouver,BC,V6H 3Y2
Lynsey,Sport,"Ross, Donald J Esq",7 Mccrea St,Chilliwack,BC,V2P 6L6
Phil,Kuechler,Sequins International Inc,7 Mcwhorter Rd,Jonquiere,QC,G7X 2X4
Cordelia,Nicks,Pacific Valley Appraisal Svc,572 Simpson St,Georgetown,ON,L7G 2T4
Georgeanna,Marrano,Allied Fine Furniture,3493 Camino Ruiz,Hamilton,ON,L8N 2V6
Rosendo,Lanter,Howe & Hutton Ltd,2052 E Semoran Blvd,Regina,SK,S4N 5R4
Jerilyn,Norcia,Jaqua & Wheatley Pc,9 Main St,Hanover,ON,N4N 2P6
Elfriede,Bakeley,Krei 800 Radio Station,538 Fayetteville Street Mall,Grand-Sault/Grand Falls,NB,E3Z 2K5
Harris,Sheck,New Lans Corporation,9875 Sheafe Rd,Montreal,QC,H2H 1Z2
Leonor,Beilinson,Lochaven Fed Svngs & Ln Assn,269 Distribution Way,Orleans,ON,K1C 1Z6
Terrilyn,Waska,"Corallino, Robert L Cpa",6 E Miraloma Ave,Gatineau,QC,J8M 2A5
Maddie,Foulds,Sinclair Machine Products Inc,56 N Wood Ave #25,Montreal,QC,H2M 1W9
Melynda,Anstead,Leader,3 Lee Dr #8435,Longueuil,QC,J4J 3E9
Odette,Thigpen,Beauregard Federal Savings Bnk,1831 Everett Rd,Corner Brook,NL,A2H 2K1
Steffanie,Meinen,"Rosenblum, Donn D Esq",801 W Belmont Ave,Montreal,QC,H3C 5G9
Antonette,Stimac,"Kasprenski, Michael D Esq",61 N Westshore Blvd,Kitchener,ON,N2A 1S3
Thora,Daneker,Engravers,6 Old York Rd,Gatineau,QC,J8P 3A1
Nada,Massanet,"Shastri, S R Md",80 Sw End Blvd,Surrey,BC,V3R 4L7
Ivette,Dills,South Texas Prod Splty Inc,7585 Calle De Industrias,Reserve Mines,NS,B1E 1G6
Devon,Delacerda,Kcon Inc,250 University Ave #9,Comox,BC,V9M 1T4
Lon,Tibbles,May W L Co Inc,78 Eastway Dr,Mississauga,ON,L5E 1B7
Tennie,Santanna,M A C Insurance Agency,196 Waterman Ave #1,Trois-Rivieres,QC,G8T 6A2
Fidelia,Vilven,Gto Lithographers Inc,9 Meridian St,Scarborough,ON,M1G 1V4
Michal,Gunyan,Physician Manager,9514 Mount Vernon Ave,Quebec,QC,G2B 4L7
Enola,Yandow,Branan Photography,7 Sw 5th Ave,Dartmouth,NS,B2W 6G3
Meghann,Mamudoski,Hampton Inn South,7675 N Solano Dr,Hebbville,NS,B4V 7A2
Latanya,Mattia,Swissotel Boston,8229 S Washington Ave,Portage la Prairie,MB,R1N 3T4
Chandra,Firlik,Preston Trucking Co Inc,686 S Dupont Hwy,Oshawa,ON,L1J 8H1
Barney,Dewer,"Anthony, Richard A Esq",88 Norris Ave #2,Bedford,NS,B4A 3V5
Ocie,Chreene,"Ellner, Harold J Md",72 W Hampden Ave,Orleans,ON,K1E 2C8
Precious,Dubray,Martin Research Inc,846 Middletown Blvd #427,Orillia,ON,L3V 4N5
Sanda,Laramie,Trafalgar Corp,5181 N Alma School Rd,Dawson Creek,BC,V1G 1Y2
Gaynell,Benavente,Life Guard Apparel,71 W Indian School Rd,Thunder Bay,ON,P7E 2H1
Bethanie,Cutsforth,Four Star Label Co Inc,5 Victory Ave,Cambridge,ON,N1S 2S8
Yvette,Capiga,"Stier, Brian E Esq",33 Broadway St #8539,Big Valley,AB,T0J 0G0
Alana,Blackmon,Invest Financial Corp,96 Hook Rd,Scarborough,ON,M1B 2S5
Lakeesha,Beachel,"Olivera, Keith R Esq",1 Sw 72nd Ave,Chilliwack,BC,V2P 4W3
Ailene,Friedman,Spector Thread Co,479 Commerce Park,Enterprise,NB,E7G 1M2
Valene,Madson,H J Heinz Fld Ofc & Distrb Ctr,42 Main St,Alma,QC,G8B 7M5
Floyd,Bub,Southeastern Services Inc,4701 N Cocoa Blvd,Toronto,ON,M4V 2Z2
Josue,Hatherly,United States Chrome Corp Ca,755 135th St,Etobicoke,ON,M9W 1M9
Johnathon,Wadden,De Osu Inc,4714 S Main St,Peterborough,ON,K9J 3N7
Kenneth,Drizin,Packaging Corp Of America,2 Scott Blvd,Amos,QC,J9T 1S3
Leila,Titzer,D W Rogers Co,9 Constitution Ave,Calgary,AB,T2X 2M9
Marquetta,Quinlisk,Herregan Distributors Inc,2965 Lake Lizzie Dr,Mont-Royal,QC,H3R 1G3
Annamae,Beliles,"Halberstadt, Bradley J Esq",8939 Merrill Field Dr,Burnaby,BC,V5G 4J9
An,Dosal,Cpa Affiliates Inc,8 Leoole St #3,Drummondville,QC,J2B 3J9
Karina,Cortesi,Video Monitoring Services,901 Broughton Ave #7,Saint-Bruno,QC,J3V 5S1
Otis,Luong,Kinkos Copies,263 L St #1255,Simcoe,ON,N3Y 2P6
Brendan,Kasperek,"Aebig, Sheena R Esq",84 L St #98,Coquitlam,BC,V3E 2W1
Keith,Evartt,"Hamlet, Fred T Esq",973 El Camino Real,Derby Junction,NB,E1V 5B4
Paulina,Arand,Americon Gazelle Factory Outlt,5652 Wisconsin Ave,Winnipeg,MB,R2J 2V1
Cherelle,Welschmeyer,Woodrow Taylor Homes Nv Ltd,2 Ramona Ave #6,Guelph,ON,N1E 5N9
Percy,Neelon,Spiker Communications Inc,901 Highway 74,Rimouski,QC,G5L 1N6
Margot,Storrs,"Wilson, Thomas M Iii",237 S French Ave,Woodbridge,ON,L4H 2L8
Paris,Bellis,Woodstown Natl Bnk & Trst Co,89 Parade St,Woodstock,ON,N4S 3K1
Sina,Masiejczyk,Misioneros Del Camino,3067 W Wabansia Ave,Etobicoke,ON,M9C 5B4
Kimi,Selfe,M & M Assoc Inc,2 W Kellogg Dr #5,Jonquiere,QC,G8A 1H7
Chun,Richrdson,"Hoyt, Robert F Esq",3 Aiea Heights #660,Regina,SK,S4T 3L1
Lelia,Thiemann,"Kleeman, Dena A Esq",440 Town Center Dr,Kamloops,BC,V2B 7W6
Cordell,Zinda,"Kaye, Jeffrey A Esq",91 Argyle Rd,Sherbrooke,QC,J1H 6E3
Dorothy,Aitken,"Mcmillon, Wendy A Esq",4 Hanover Pike,Mississauga,ON,L5V 1E5
Chauncey,Mcelreath,Buchman Enterprises Inc,615 Main St #3722,Vanier,ON,K1L 7E2
Tenesha,Stropko,"Guroff, Julia H Esq",648 Waihona St #1152,Cardigan,NB,E6B 1L7
Anjelica,Lovero,Dayton Appliance Parts Co,689 S Steele St #1887,Amherst,NS,B4H 1K5
Olga,Adessa,"Weiss, Arnold M Cpa",8507 Upland St,Burlington,ON,L7P 4T1
Monte,Tindal,Amercn Inst For Conserve Hist,577 Page Ave,Laval,QC,H7M 5P7
Pamela,Mccoskey,Thriftlodge,6 West St #2,Terrebonne,QC,J6W 4W3
Toshia,Lippoldt,U Stor,7 Duluth St,Stoneham-Et-Tewkesbury,QC,G3C 0S2
Polly,Sandusky,Passumpsic Savings Bank,39 Logan Ave #9518,Hamilton,ON,L9A 4H9
Judy,Boerboom,Crissey Fowler Lumber Co,384 N Main St,Paradise,NL,A1L 0H4
Celestine,Pritt,James Heistand Inc,79 E 92nd St,Ottawa,ON,K1G 3B6
Murray,Fode,"Hughes, Richard D Esq",59 W Century Rd,Pointe-Claire,QC,H9R 5N9
Shoshana,Courter,Harry Jersig Center,8763 N Front St,Windsor,ON,N8Y 4T9
Glendora,Pezley,John L Scott Real Estate,2 80e E #7867,Edmonton,AB,T5Y 3J7
Carlene,Kana,Oregon Cherry Growers Inc,541 N 88th Ave,Brantford,ON,N3T 2H4
Adria,Gilliam,Brokers Marketplace,60 15th Ave,Hamilton,ON,L8N 2V6
Paola,Perkins,M K Goulding And Associates,3951 Seaway Dr,Grande Prairie,AB,T8V 4G4
Elina,Maury,Hobson Printing Co,2097 N Stonestreet Ave,North York,ON,M6M 3B1
Emile,Dorio,"Olson, Waldine H Esq",264 Jefferson Hwy #83,Saint-Bruno,QC,J3V 4R8
Zoila,Lannigan,Fox Chase Federal Savings Bank,40 N Dean St,York,ON,M6N 3Z2
Yong,Yestramski,Kraft Foodservice Inc,365 Zebra Pl,Brantford,ON,N3R 3C6
Leontine,Stalma,Comprehensive Environ Svc Inc,859 Franquette Ave,Simcoe,ON,N3Y 5H1
Troy,Dicus,Quick Turn Circuits Inc,58 Calle Arroyo,Trenton,ON,K8V 3Z2
Annamaria,Vanhuss,"Call, Dell R",8348 1st Ave W,Dundas,ON,L9H 2C3
Dorothea,Lowther,"Herline, Georgia",2763 Fort Campbell Blvd #7554,Sudbury,ON,P3E 2W9
Marion,Letran,"Snyder, Daniel Esq",5670 Leonis Blvd,Gatineau,QC,J8Y 5Z4
Avery,Masso,Far Western Trophy & Awards,6 Central Ave #664,Amherst,NS,B4H 1N1
Trinidad,Bredernitz,Tmr The Music Room,75 N Washington Ave,Lasalle,QC,H8N 1S9
Herminia,Penso,Jurgemeyer Frey & Haufe,880 W South Water Market,Fort McMurray,AB,T9H 3A8
Val,Bigaud,Mpsi Systems Inc,42 N 16th St #620,Montreal,QC,H2C 3A1
Renay,Oviedo,"Wanek, Jerrold Esq",873 E Cumberland St,North York,ON,M6B 3Y3
Buck,Kotow,Black Drill Co Inc,863 Mcgilchrist St Se,Thunder Bay,ON,P7E 2H1
Toi,Rollison,Armored Transport Of Ca Inc,2 S Church St,Terrebonne,QC,J6W 1M9
Shanice,Pennel,Firm Security Systems Inc,31 N Canal St,Kingston,ON,K7L 2Y7
Oliva,Ramerez,Summit Dynamics,8688 Manning Blvd #547,Calgary,AB,T2C 1W4
Tamera,Crocker,Cooper & Kelley,652 Pacific Hwy,Edmonton,AB,T5C 3M1
Melvin,Rather,Milt Charno & Assoc Inc,8794 34th Ave,Drummondville,QC,J2B 3S8
Essie,Fitzke,Artistic Gifts Inc,9 3rd St,Welshpool,NB,E5E 1G8
Shay,Knieper,"Raby, Paul Ed",571 Maiden Ln #7,Brossard,QC,J4X 1J9
Ruby,Sensibaugh,Qualex Inc,637 Wright Rd,Coquitlam,BC,V3K 2P4
Caren,Doscher,Personal Christianity Chapel,1770 Mission Ave,Calgary,AB,T3H 2S3
Frank,Amend,Preferred Service Group Inc,2583 Lincoln Blvd,Cambridge,ON,N1S 1A7
Lasandra,Frisinger,Jmr Marketing & Graphics Corp,1 Highway 71 S,Abbotsford,BC,V2S 2G5
Sommer,Frere,Bliss & Nyitray Inc,1309 Pitney Rd,Saint-Hubert,QC,J3Y 4R3
Gretchen,Mckeon,Nendels Inn/renton,809 W Bayshore Rd,Trail,BC,V1R 4Y2
Providencia,Marien,"Pond, William S Md",83 Magnavox Way,Ottawa,ON,K2C 2V1
Lindsey,Arnoldi,Western States Petroleum Inc,87 Via Contenta,West Kelowna,BC,V1Z 2J2
Romana,Riesgraf,Sparta Engrg & Land Co Inc,986 Whitaker Way,Moncton,NB,E1A 6P3
Nobuko,Logwood,Ads Inc,612 York St,Sarnia,ON,N7V 3X4
Shawnna,Arredondo,Ef International Lang Schls,4 N Brand Blvd,Orleans,ON,K4A 0V9
Doyle,Hathcox,Women For Meaningful Summits,48 Market St,Prince George,BC,V2M 1K4
Jacinta,Deppen,"Orourke, Denis M Esq",1458 W Henry St,Nelson,BC,V1L 1A7
Tawanna,Kuamoo,"Walker, L Mark Esq",380 Main St,Matane,QC,G4W 3G6
Christa,Cloutier,Abc Financial Systems,743 Wolfert Ave,Calgary,AB,T2L 2G4
Noe,Kotz,"Bryant, Julian A Jr",3878 Little John Way,Salt Spring Island,BC,V8K 2T5
Ellen,Fajen,"Kowall, Carol Esq",32 Marguerite Pky,Edmonton,AB,T6A 0L9
Tequila,Pelletier,Feldman Co Inc,6173 Landmeier Rd,Richmond Hill,ON,L4C 9T5
Tawny,Bonventre,Bell Mirror & Glass Inc,5 Middletown Blvd,Richmond,BC,V6Y 1L9
Rosalyn,Mcspedon,Elton Iron Co Inc,449 Oakwood Ave,Kingston,ON,K7K 3L3
Noble,Miyata,Auto Trim Design,7059 E Kilbourn Ave #252,Tillsonburg,ON,N4G 4Y4
Lucille,Hubbell,E Z Tel Dirctry Brkrs & Banks,8 General Dr,Nanaimo,BC,V9R 4Z4
Azzie,Tuazon,Ruby Mfg & Sales,5518 Whippany Rd,Oakville,ON,L6L 6V2
Darci,Arau,Broadside Press,2 Hill Rd,Trois-Rivieres,QC,G8Z 3J2
King,Suman,Meek & Associates Real Estate,79 Lexington Ave #83,Chicoutimi,QC,G7J 4W9
Denny,Zeanah,Associated Brokers Inc,339 W 1st St,Montreal,QC,H2Z 1P5
Anissa,Frayer,Vend Alaska,7635 Run Subdivision,Surrey,BC,V3X 2L5
Rosann,Heinricher,Ramapo Memorial Co,91 Nw 52nd Ave,Mirabel,QC,J7N 2E1
Jeannine,Rippy,"Huetter, Glen A Jr",7767 W Central Ave #2,Truro,NS,B2N 6J6
Lashaun,Casteneda,Gerald A Coniglio Md/facs,894 Feather River Blvd,Edmonton,AB,T6L 4W9
Miesha,Walen,Nabisco Inc,2 Executive Blvd,Espanola,ON,P5E 1C1
Marva,Kountz,"Rabin, Daniel S Esq",1 N Main St #16,Etobicoke,ON,M9A 0A5
Dion,Lamastus,National Compugraphix Inc,44 S Highland Dr,Albanel,QC,G8M 3P2
Hassie,Sarkin,"Eisen, Lisa",958 Airline Dr,Valley,NS,B6L 2X2
Jin,Perry,Arens Publications & Printing,18 Cameron St,Etobicoke,ON,M9C 2W4
Demetra,Peth,"Irvine, Stephanie B Esq",79 E Jackson St,Sherbrooke,QC,J1K 1C5
Irene,Benauides,"Bilicic, Kimberly A Esq",45 19th St,Lyttleton,NB,E9E 1Y1
Colton,Pesqueira,Willow Foods Inc,305 Industrial Blvd,Oakville,ON,L6H 6M8
William,Cilento,"Boland, William T Jr",1434 Ash St,Trochu,AB,T0M 2C0
Shannan,Cupit,Golden West Machine Inc,6 S San Marcos Rd,North York,ON,M2N 2B8
Shelba,Kast,Mccarn Enterprises Inc,56 Washington Rd,Halifax,NS,B3K 2C1
Dorcas,Diebold,Tradition Music Co,8899 E Slauson Ave,Mississauga,ON,L5M 4A7
Rochell,Wetherby,Img Scene Internet Multimedia,142 E 57th Ave #2,Amqui,QC,G5J 1E2
Amber,Windell,Rose & Co Management Cnslnts,41 Augusta Hwy,Richmond,BC,V6X 3S2
Stefanie,Prinkey,Cheyenne Business Equipment,985 Joyce St,Surrey,BC,V3R 4T5
Kenia,Sharples,Marc Hotels & Resorts Inc,611 Grand Ave,Calgary,AB,T2J 1Y3
Jacquline,Libbey,"Gwinn, Malcolm S Esq",647 S Rainbow Blvd Bldg #4577,Cap-aux-Meules,QC,G4T 1M6
Lavina,Michelet,Environmental Data Resources,2719 N Delaware St,Anjou,QC,H1M 1X5
Billi,Kazar,"Bogart, Edward J Esq",71 Linden Ave,Surrey,BC,V3W 9G2
Aron,Leuthold,"Huber, J R Esq",9 Park St,Chilliwack,BC,V2P 3X4
Annice,Tartar,Computer Services,430 State Route 10 #7548,Sherbrooke,QC,J1N 0H6
Hyun,Zarazua,V R Food Equipt Sales Inc,8718 N 13th Ave,Chatham,ON,N7L 5C4
Shala,Ogle,Plaza Inn,4956 Midway Rd #65,Fatima,QC,G4T 2N4
Shasta,Canonico,Rob Young Ldo,71 West Ave,Sault Ste. Marie,ON,P6C 2C8
Wenona,Braseth,"Weinbren, Don B Esq",7 Ramon Rd,Beloeil,QC,J3G 2C1
Marla,Gallati,Peking Garden,922 Railroad Ave #7063,Lachine,QC,H8R 1R7
Myra,Palenik,"Evans, Gerald H Esq",5661 Harding St,Montmagny,QC,G5V 1N6
Lawanda,Jacocks,Houma Fabricators Inc,92 A Glenneyre Ave,Cranbrook,BC,V1C 4E3
Curt,Kohlman,"Bowden, Mona M Esq",5 Westbranch Dr #36,Saskatoon,SK,S7M 3S3
Susy,Finstad,"Weiner, Sheldon Md",6 N Town East Blvd,Calgary,AB,T2X 0J3
Kathrine,Kaper,"Davis, Maxon R Esq",100 Rombouts Ave,Halifax,NS,B3N 2X2
Oneida,Pospishil,Katherine Goldman Pc,5 E King St #6,Victoriaville,QC,G6T 1N5
Allene,Perera,M T I Corp,7167 Bethlehem Pike #80,Etobicoke,ON,M9P 1J9
Leonardo,Leahman,"Jacks, Gerald H Esq",80 Wisconsin Ave,Calgary,AB,T2L 1X5
Nakisha,Russi,Builders General Supply Co,8265 W Camelback Rd,Lethbridge,AB,T1H 6T3
Stephanie,Rolling,Gaber Nyman & Co,45 S Cedar Ridge Dr,Lloydminster,SK,S9V 1T4
Florinda,Haycock,"Janik, Frank J Iii",6096 N Michigan Ave,Gatineau,QC,J8P 4L6
Merri,Geberth,Juniata College,4 Beaverbrook Rd,Winnipeg,MB,R2P 2J7
Malcom,Vereen,Weso Radio Station,548 Midland Ave,Windsor,ON,N8T 1V1
Louvenia,Abney,L M Mccown & Son Co,6 Friendship Dr #5055,Prince Albert,SK,S6V 6A4
Alita,Borlace,Medicine Shoppe,5 S Gage St #6175,Kenora,ON,P9N 1K7
Noemi,Ill,Lafayette Apprl Producers Inc,18 Nw 6th St,Sault Ste. Marie,ON,P6B 2W6
Nydia,Ancar,C C Industries,5 Pittsford Victor Rd,Edmonton,AB,T5V 1M7
Hana,Meisel,"Whitehead, David Barry Esq",6 E Rand Rd #73,Calgary,AB,T2J 1G9
Noel,Marrazzo,Market Decisions Inc,91 E Cary St,Camrose,AB,T4V 2Y4
Brice,Rowe,Maryland Match Corp,5 New Circle Rd Ne,Belleville,ON,K8N 1R9
Nguyet,Kitchens,Institute For Human Dev,68 Nw Raleigh St #88,Red Deer,AB,T4N 2H5
Janae,Mair,Park Avenue Audio Inc,8 S Mcmullen Dr #38,Ajax,ON,L1T 1R5
Darrel,Makley,Alliedsignal Engines,6 N Volusia Ave #2,Baie-Sainte-Anne,NB,E9A 1P1
Genevieve,Milionis,J & M Janitorial Supplies,5 Cedar St,Sault Ste. Marie,ON,P6B 5Y9
Giovanna,Bacho,Rumford Aquarium Inc,71 S Newtown St,North Vancouver,BC,V7M 3J6
Shelton,Spannuth,"Bell, David M Esq",4 Bloomfield Ave #5,Brandon,MB,R7B 1N3
Alison,Mahlum,Walter Jerome Inc,841 N Monroe St,Belleville,ON,K8N 2W3
Maynard,Zufall,"Larkin, Jay Robert Esq",5094 Poway Rd,Vancouver,BC,V5X 4K1
Timothy,Bussert,"Purdy, Angeline Esq",43 Winnetka Ave,Toronto,ON,M4C 3Y1
Viola,Eddens,Hales Corners Village Printing,51 S Hulen St,Grand Manan,NB,E5G 3A8
Luann,Michon,Macnaughton Einson Graphics,5 Goddard Rd,Montreal,QC,H2S 2G9
Mable,Goerke,Detroit Newspapers,7 Woodbridge Ave,Toronto,ON,M6P 2V5
Sabine,Kaea,"Westerman, Bryan",48 Lower Ragsdale Dr #1349,Brampton,ON,L6W 1A8
Dolores,Moltz,Auto Exchange,80 S Beckley St,Fredericton,NB,E3B 2P9
Hannah,Suero,Confish Inc,3314 Hawthorne St,Oakville,ON,L6L 3G9
Sonia,Blan,Kinkos Copies,924 W Saint Mary Blvd,Deer Lake,NL,A8A 2A6
Cletus,Stapels,Fewel Northwest Inc,9713 Wilbur Ave #163,Edmonton,AB,T6P 1K3
Asha,Zoldak,Ducson Sportswear Inc,4 Gray Ave,Saint-Stanislas,QC,G8L 7B6
Verlene,Billow,Capital Environ Drill Svc Inc,8528 A Park Rd,Brampton,ON,L6P 0X3
Yesenia,Giglio,Basque Plastics Corp,1262 W 19th St,Janeville,NB,E2A 5K7
Tayna,Sine,"Bailey, Lesli Esq",99 Garfield Ave #370,Burlington,ON,L7R 3Y8
Verona,Jobst,M C Green & Sons,9041 Grand Plaza Plac,Montreal,QC,H3V 1E3
Denae,Eggers,Brookwood Inn,475 S Figueroa St,Winnipeg,MB,R2K 3B5
Rikki,Montalgo,Emergency Management,7 Lagrange St #10,Montreal,QC,H2K 3M3
Nan,Weekly,Kates Boylston Publicatns Inc,16 Ridge Center,London,ON,N5Y 5M9
Sherell,Despain,Colonial Color Corp,66 62nd St #30,Surrey,BC,V3R 6N7
Coral,Brennick,"Barbour, Michael J Esq",15 Ludlow Ave #156,Boucherville,QC,J4B 1R5
Phyliss,Huelse,Best Western Doublewood Inn,672 Neil Armstrong St #59,Lethbridge,AB,T1K 2L9
Jesse,Wida,Mt Plsnt Dly Tribune Sunday,1 E Gabilan St,Burlington,ON,L7T 3Y9
Latonia,Helander,Gebhardt & Smith,6325 Statesville Rd,Brampton,ON,L6V 4R8
Aimee,Clozza,Cdm Transportation,7 N Wacker Dr #42,Ottawa,ON,K1K 0K4
Marcelle,Staie,"Butler, Frank B Esq",76 N Harlem Ave,Stoney Creek,ON,L8E 4S4
Ilda,Schuring,Secaucus Guide Book,80 Ringwood Ave #7,St. Albert,AB,T8N 1L5
Aileen,Klukken,"Stamper, Gerald Esq",8 Wilfong Ln,North York,ON,M2N 2T3
Davida,Zeng,"Conway, John J Esq",8881 Hopkins St,Sainte-Sophie,QC,J5J 2B5
Beata,Rubarts,Jay N Bee Office Solutions Ltd,19 Torresdale Ave #58,Victoria,BC,V8X 1R2
Angelyn,Wieand,Edith Flagg Inc,79 Craig Rd,Brampton,ON,L6X 0E3
Claudio,Hummell,"Blatt, Harold G Esq",432 Eastman Ave,Calgary,AB,T3L 2H1
Krystal,Twyman,Shell Western Hills,9 Garcia Ave #38,Scarborough,ON,M1C 1N8
Adela,Echegoyen,Fpa Corp,128 W Kellogg Dr,Burnaby,BC,V5B 4L5
Ryan,Phibbs,Citrus Power Equipment,7827 Commercial St Se #37,Regina,SK,S4V 3B8
Edmond,Buettner,Eden Bail Bond Information Ctr,67 N Washington Ave #960,Saint-Eustache,QC,J7P 1A5
Catina,Emmert,Noack & Dean Ins Agtts & Brkrs,19 Distribution Way,Thunder Bay,ON,P7C 4H3
Milly,Pattengale,"Schell, Eric F Esq",20 Fort Campbell Blvd #4792,Wetaskiwin,AB,T9A 3K1
Jules,Erichsen,Eberhard Mfg Co Div Estrn Co,1 Parkfair Dr #1219,Mississauga,ON,L5C 1L3
Denna,Miklitz,Cptal Meats & Provisions Co,1736 Us Highway 19n N #6,Saint-Jean-sur-Richelieu,QC,J3B 0C5
Willetta,Cesa,Alpha Services Co,578 E Us Highway 36 #3,Membertou,NS,B1S 2P3
Johna,Magathan,Park Metal Inc,1724 W Dodge Rd,Edmonton,AB,T6K 4E5
Ollie,Oliverson,"Redemann, Robert P Esq",1 W 8th,Etobicoke,ON,M9W 3W4
Sherly,Vitrano,Stangels Financial Services,8 Cochise Trl,Sydney,NS,B1P 1C1
Kindra,Dishong,"Mcclanathan, Peter D Esq",4 Sutton Ln,Nepean,ON,K2E 6A5
Vanda,Tentler,Oklahoma Ford Power Products,7 Shetland Ct,Kimberley,BC,V1A 2M7
Marshall,Fitgerald,Mpw Communities Of N J,526 Main St,Calgary,AB,T2M 4H2
Kelvin,Hasha,"Orourke, Denise Michelle Esq",18 Duluth St,Edmonton,AB,T5M 4A7
Darrin,Mathiasen,Milton Daily Standard,35 Peconic Ave #4,Boucherville,QC,J4B 3Y4
Susana,Mccarley,Kinkos Copies,7 S Quebec,Windsor,ON,N9E 2G5
Wilson,Nickelson,Brobeck Phleger & Harrison,74 Se 3rd Ave #1494,North York,ON,M2J 3W5
Malissa,Talty,"Stafford, William P Ii",3 Bush St,Saint John,NB,E2M 2N5
Tandra,Castillanos,Stony Creek Apartments,629 105th Ave,Hamilton,ON,L9C 3G2
Lorean,Sammon,Arizona Store Equipment,58 Executive Dr,Regina,SK,S4S 3Y3
Desirae,Oien,L & P Construction,200 W Bijou St #6013,Calgary,AB,T2C 0Z5
Delsie,Cerao,Bacompt,2 Us Highway 206,English Settlement,NB,E6B 2J9
Mabel,Elmquist,Tarkett Inc,8570 E 8th St,Winnipeg,MB,R2K 0Y2
Marnie,Purslow,Century 21 Twin Oaks Rlty Inc,3068 N Interstate 35,Winnipeg,MB,R2V 3G6
Rene,Granier,"Cohen, Mortimer S Esq",4241 Tapp St,Calgary,AB,T3Z 1H1
Trevor,Harnist,"Meraglio, Ruissell J Jr",99 Hart St,Dartmouth,NS,B2Y 1G7
Sharmaine,Batdorf,Stritzel Awning Svc,1822 Guilford Rd,Saint-Basile,NB,E7C 2L8
Ricki,Traux,"Collins, Frederick H Esq",995 Concord Rd,Montreal,QC,H3J 1S4
Bernadine,Shufelt,"Mulligan, Thomas O Esq",3 Main St,Sudbury,ON,P3C 2X6
Shad,Reider,City Judge,7995 Douglas Rd E #6,Lloydminster,AB,T9V 2M7
Kenneth,Degennaro,"Dodson, Mac Pa",965 Bryant St,St Martins,NB,E5R 1G5
Marleen,Hennon,Welsch Metal Products Inc,2863 Brooklyn Terminal Mkt,Abbotsford,BC,V2S 4M2
Joaquin,Geitner,Cellular One,6410 E State Hwy,Calgary,AB,T2K 4M8
Slyvia,Stockham,Finchers Findings,4895 Country Club Rd,Quebec,QC,G1K 5J8
Kris,Bala,U S Tsubaki Inc,43 Gateway Blvd,Brampton,ON,L7A 2E8
Gussie,Diflorio,Cliff Clarks Inc Sales & Serv,881 South St #4,Trenton,ON,K8V 1G7
Lavelle,Lillywhite,"Schivley, G Gregory",5 S Taylor Ave,La Malbaie,QC,G5A 2R8
Bev,Dermo,Nicks Printing,6059 Alewa Dr,Surrey,BC,V3X 1X5
Bette,Digiovanni,"Nassar, Monique A Esq",345 Broadway St,London,ON,N6K 4J9
Lajuana,Mccloud,Cesena Printg E Side Printg Co,7 W Pine St,Saint-Thomas,QC,J0K 3L0
Shakira,Westervelt,Buena Clerk,5470 N Lamar Blvd #542,North Vancouver,BC,V7J 2J9
Matt,Nickolich,"Bonina, John A Esq",103 E Main St #59,Regina,SK,S4S 5Y2
Clemencia,Momplaisir,Computer System Dynamics,698 N Allen Rd,Montreal,QC,H3J 2N8
Oliva,Ambert,Kleins Hallmark Cards,1 Broadway St,Dawson Settlement,NB,E4H 2B6
Ranee,Maye,Construction Services Inc,5361 N 500 W #3065,Les Cedres,QC,J7T 3A9
Ming,Eskew,"Dickman, J Scott Esq",4153 Broughton Ave,Victoria,BC,V9A 6P6
Annice,Peckens,"Hering, Glenn Z Esq",5 Falls Rd,Victoria,BC,V8V 2P7
Effie,Frymark,"Razzoog, Michael E Dds",51 3rd Ave,London,ON,N5W 5G1
Maricela,Conger,Phase One Office Products,865 N Port Ave,Coquitlam,BC,V3E 1Y4
Esteban,Plantenberg,Midwest Wheel Companies,78 E River,Surrey,BC,V4P 0C4
Doretha,Wykle,"Lafave, E Joseph Iii",5106 N Laurel Park Dr,Kenora,ON,P9N 4E7
Dorsey,Neitzke,"Turley, Joseph M",9768 A Aven #112,Truro,NS,B2N 3P6
Amie,Okuniewski,Motion Industries Inc,24 Venice Rd,Pembroke,ON,K8A 8M7
Bulah,Berkoff,Balan Marketing Co,2497 Pennsylvania Ave,Strathroy,ON,N7G 3V5
Erin,Delbosque,Curtiss Wright Corp,357 W Mount Royal Ave,Longueuil,QC,J4M 2A8
Kassandra,Marushia,Phelps Tool & Die Co Inc,123 Euclid Ave #9396,Nanaimo,BC,V9R 1C9
Leslee,Matsuno,Factory Mattress Outlet,1251 E Main St #990,Quebec,QC,G1H 1A6
Daniel,Dobler,Cosgroves N End Plbg & Hdwr Co,259 W 17th St #39,Beresford,NB,E8K 1B7
Antonio,Unruh,Mission Lincoln Properties,9 Route 38,Port Coquitlam,BC,V3C 2Z4
